id,customer_name,country
1,Vincenty,Sweden
2,Rosanna,France
3,Reiko,China
4,Vasili,Poland
5,Robbin,Philippines
6,Gertie,Bosnia and Herzegovina
7,Jordana,Sri Lanka
8,Sigvard,Sweden
9,Albertine,United States
10,Ximenes,Poland
11,Raymond,China
12,Elysia,Indonesia
13,Teddie,China
14,Else,China
15,Rosanna,Indonesia
16,Crin,Portugal
17,Rhodie,Mali
18,Claudio,Indonesia
19,Nye,Sweden
20,Janey,Philippines
21,Halimeda,Ukraine
22,Matthieu,Philippines
23,Vinnie,China
24,Hodge,Indonesia
25,Brucie,Czech Republic
26,Addie,South Africa
27,Melisa,Russia
28,Ervin,China
29,Malory,Cape Verde
30,Antonin,Argentina
31,Delcine,France
32,Dorothea,Mexico
33,Amalea,China
34,Rosalia,Russia
35,Lynda,Argentina
36,Denys,Indonesia
37,Benedetta,China
38,Ruth,Sweden
39,Estella,France
40,Adamo,Poland
41,Dunstan,Macedonia
42,Kleon,Russia
43,Smitty,Portugal
44,Jacquelynn,Japan
45,Alyssa,Argentina
46,Wallas,Iran
47,Blakelee,Indonesia
48,Susanetta,Bosnia and Herzegovina
49,Janice,Philippines
50,Albertine,Indonesia
51,Beverlie,Sweden
52,Meghan,China
53,Ermentrude,Colombia
54,Kameko,China
55,Marja,Sweden
56,Seumas,Japan
57,Andy,Venezuela
58,Stacee,Russia
59,Dione,Nigeria
60,Svend,Poland
61,Dal,France
62,Khalil,Brazil
63,Reilly,Philippines
64,Candide,China
65,Dwayne,Afghanistan
66,Gwennie,Indonesia
67,Katusha,Argentina
68,Hi,China
69,Allen,Guatemala
70,Tobiah,Indonesia
71,Lauren,Russia
72,Laurena,France
73,Bogey,Tanzania
74,Duff,Israel
75,Patti,Poland
76,Tully,China
77,Adolpho,Iran
78,Lola,Russia
79,Boot,Croatia
80,Chaunce,France
81,Stevana,Indonesia
82,Domenico,Peru
83,Hubert,Czech Republic
84,Faulkner,France
85,Andras,Indonesia
86,Alisander,China
87,Michael,Russia
88,Cairistiona,Croatia
89,Cathie,China
90,Olav,Russia
91,Odella,Argentina
92,Modestine,Brazil
93,Clarette,Belarus
94,Darius,Poland
95,Shellysheldon,Portugal
96,Rogers,China
97,Dare,China
98,Ardelis,Sweden
99,Adey,China
100,Karlen,Philippines
